日付,場所,R,着順,枠番,馬番,人気順,馬名,オッズ
2015年8月1日（土）,札幌,1,1,2,2,マカーオーン,4,7.3
2015年8月1日（土）,札幌,1,2,8,10,ショウザイシンホー,5,8.2
2015年8月1日（土）,札幌,1,3,7,7,インジャスティス,3,4.5
2015年8月1日（土）,札幌,1,4,6,6,ルミナスエレメント,1,2.8
2015年8月1日（土）,札幌,1,5,8,9,ジュアンマリエ,2,3.8
2015年8月1日（土）,札幌,1,6,1,1,コスモベガス,6,14.7
2015年8月1日（土）,札幌,1,7,7,8,ネクストヒロイン,8,94.4
2015年8月1日（土）,札幌,1,8,4,4,マイネルアクティヴ,9,142.9
2015年8月1日（土）,札幌,1,9,5,5,サフランナイト,10,235.2
2015年8月1日（土）,札幌,1,10,3,3,ジュンノキボウ,7,90.1
2015年8月1日（土）,札幌,2,1,2,2,シゲルハナガサ,4,8.0
2015年8月1日（土）,札幌,2,2,6,8,カワキタキャッスル,1,2.5
2015年8月1日（土）,札幌,2,3,7,9,トリアンドルス,3,6.1
2015年8月1日（土）,札幌,2,4,5,6,ラビットボーテ,5,10.5
2015年8月1日（土）,札幌,2,5,5,5,トーセンプリズム,8,25.2
2015年8月1日（土）,札幌,2,6,6,7,エビスフラワー,10,70.2
2015年8月1日（土）,札幌,2,7,4,4,サンエバレット,11,146.5
2015年8月1日（土）,札幌,2,8,7,10,イプノーズ,9,28.4
2015年8月1日（土）,札幌,2,9,3,3,ココロナルハ,2,4.3
2015年8月1日（土）,札幌,2,10,1,1,オーヴェール,6,10.9
2015年8月1日（土）,札幌,2,11,8,11,キョウワエルフ,12,391.7
2015年8月1日（土）,札幌,2,12,8,12,マジックベル,7,16.9
2015年8月1日（土）,札幌,3,1,6,6,セイカアヴァンサ,1,1.3
2015年8月1日（土）,札幌,3,2,5,5,ジャコバイティズム,2,5.2
2015年8月1日（土）,札幌,3,3,7,7,ハッスルカフェ,3,10.6
2015年8月1日（土）,札幌,3,4,4,4,ライブリファースト,5,17.1
2015年8月1日（土）,札幌,3,5,8,9,インディケーション,6,23.6
2015年8月1日（土）,札幌,3,6,2,2,オブストラクション,8,38.4
2015年8月1日（土）,札幌,3,7,3,3,スプリングストーム,7,35.9
2015年8月1日（土）,札幌,3,8,8,8,シャトーブリアン,4,15.6
2015年8月1日（土）,札幌,3,9,1,1,ハギノカイザー,9,41.6
2015年8月1日（土）,札幌,4,1,2,2,クレオール,5,16.4
2015年8月1日（土）,札幌,4,2,7,9,デュアルフレイム,2,3.4
2015年8月1日（土）,札幌,4,3,6,6,ディーエスレイザー,4,6.6
2015年8月1日（土）,札幌,4,4,4,4,ダンスオーレ,6,23.2
2015年8月1日（土）,札幌,4,5,5,5,ヴェルデプラート,8,29.1
2015年8月1日（土）,札幌,4,6,3,3,ラヴィダフェリース,3,4.9
2015年8月1日（土）,札幌,4,7,8,10,デュラブルシャーム,9,33.7
2015年8月1日（土）,札幌,4,8,7,8,パッショナート,7,25.1
2015年8月1日（土）,札幌,4,9,1,1,サトーリアス,1,2.7
2015年8月1日（土）,札幌,4,10,6,7,ヤマニンクラケット,11,132.7
2015年8月1日（土）,札幌,4,11,8,11,メイショウクニツグ,10,39.3
2015年8月1日（土）,札幌,5,1,5,7,ジープルメリア,5,10.9
2015年8月1日（土）,札幌,5,2,8,13,キャンディバローズ,1,2.1
2015年8月1日（土）,札幌,5,3,8,12,アビス,7,29.0
2015年8月1日（土）,札幌,5,4,4,4,ティソーナ,2,4.7
2015年8月1日（土）,札幌,5,5,2,2,ミスズスター,4,8.0
2015年8月1日（土）,札幌,5,6,7,11,ペイシャマリヤ,10,68.0
2015年8月1日（土）,札幌,5,7,3,3,ペイシャフェリシタ,3,6.9
2015年8月1日（土）,札幌,5,8,6,8,ナンベーサン,9,55.4
2015年8月1日（土）,札幌,5,9,4,5,マリエラ,8,40.8
2015年8月1日（土）,札幌,5,10,5,6,エレガントビーナス,12,157.2
2015年8月1日（土）,札幌,5,11,7,10,ブラックベリー,6,19.0
2015年8月1日（土）,札幌,5,12,1,1,サンカーニー,11,121.1
2015年8月1日（土）,札幌,5,13,6,9,ヤマニンロスター,13,208.4
2015年8月1日（土）,札幌,6,1,3,5,ジュンファイトクン,1,2.3
2015年8月1日（土）,札幌,6,2,7,13,ピアノコンチェルト,7,14.3
2015年8月1日（土）,札幌,6,3,1,1,ナンヨーピューピル,13,92.5
2015年8月1日（土）,札幌,6,4,8,14,ワンディトウショウ,4,8.5
2015年8月1日（土）,札幌,6,5,5,9,リュウノースジョイ,2,6.1
2015年8月1日（土）,札幌,6,6,3,4,ハナイチゲ,5,9.6
2015年8月1日（土）,札幌,6,7,2,2,ピンクシャンパン,6,12.3
2015年8月1日（土）,札幌,6,8,2,3,エアヴーヴレ,12,65.1
2015年8月1日（土）,札幌,6,9,6,11,ステイハッピー,10,39.3
2015年8月1日（土）,札幌,6,10,5,8,クラレンスハウス,9,37.3
2015年8月1日（土）,札幌,6,11,8,15,サルガッソ,11,59.7
2015年8月1日（土）,札幌,6,12,7,12,アスターロマーネ,15,389.1
2015年8月1日（土）,札幌,6,13,4,6,クインズマルシアノ,8,15.8
2015年8月1日（土）,札幌,6,14,6,10,レッドアイヴァー,3,8.3
2015年8月1日（土）,札幌,6,15,4,7,テールドラヴェリテ,14,197.8
2015年8月1日（土）,札幌,7,1,8,11,ボーンレジェンド,1,3.4
2015年8月1日（土）,札幌,7,2,5,6,ラスパジャサーダス,6,10.0
2015年8月1日（土）,札幌,7,3,5,5,プレシャスヴィガー,9,29.1
2015年8月1日（土）,札幌,7,4,6,8,サンレイクウッド,4,6.2
2015年8月1日（土）,札幌,7,5,2,2,クリノショウスーシ,10,63.7
2015年8月1日（土）,札幌,7,6,4,4,トラストレイカ,7,18.0
2015年8月1日（土）,札幌,7,7,3,3,キースカーフ,2,4.2
2015年8月1日（土）,札幌,7,8,7,9,マチルダ,5,8.6
2015年8月1日（土）,札幌,7,9,8,12,ティーエスカクタス,3,5.5
2015年8月1日（土）,札幌,7,10,7,10,フジサンマーケット,11,74.6
2015年8月1日（土）,札幌,7,11,6,7,グランソレイユ,12,120.6
2015年8月1日（土）,札幌,7,12,1,1,サカダッシュ,8,22.8
2015年8月1日（土）,札幌,8,1,7,13,シンフォニア,5,12.9
2015年8月1日（土）,札幌,8,2,2,4,ハッシュ,2,3.9
2015年8月1日（土）,札幌,8,3,3,6,タカミツスズラン,4,8.2
2015年8月1日（土）,札幌,8,4,1,1,カレンステイシー,1,2.8
2015年8月1日（土）,札幌,8,5,6,11,ジェラテリアバール,7,21.0
2015年8月1日（土）,札幌,8,6,6,12,アースプレイ,9,35.0
2015年8月1日（土）,札幌,8,7,5,10,クリノツネチャン,16,283.9
2015年8月1日（土）,札幌,8,8,4,7,クラシックマーク,11,62.6
2015年8月1日（土）,札幌,8,9,2,3,ウィズアットレース,8,22.7
2015年8月1日（土）,札幌,8,10,7,14,ケージーサクランボ,13,120.8
2015年8月1日（土）,札幌,8,11,4,8,エイシンアリエル,10,38.0
2015年8月1日（土）,札幌,8,12,8,16,クリノハッチャン,12,110.9
2015年8月1日（土）,札幌,8,13,8,15,ダイワズットラブ,3,5.0
2015年8月1日（土）,札幌,8,14,3,5,ウォーターメアヌイ,14,194.6
2015年8月1日（土）,札幌,8,15,1,2,サクセスフィリア,6,16.3
2015年8月1日（土）,札幌,8,16,5,9,キュールエアリス,15,199.1
2015年8月1日（土）,札幌,9,1,6,7,クラシコ,1,3.4
2015年8月1日（土）,札幌,9,2,5,5,ミツバ,2,3.5
2015年8月1日（土）,札幌,9,3,6,8,スペースクルーズ,3,4.4
2015年8月1日（土）,札幌,9,4,2,2,ナスノアオバ,10,56.4
2015年8月1日（土）,札幌,9,5,7,10,オーシャンブルグ,4,6.7
2015年8月1日（土）,札幌,9,6,7,9,マハロマナ,6,15.2
2015年8月1日（土）,札幌,9,7,5,6,ヤマイチキセキ,7,16.8
2015年8月1日（土）,札幌,9,8,3,3,ベルウッドケルン,8,36.9
2015年8月1日（土）,札幌,9,9,1,1,レッドカノーヴァ,5,11.3
2015年8月1日（土）,札幌,9,10,4,4,サンディークス,9,47.1
2015年8月1日（土）,札幌,9,11,8,11,マコトカンパネッロ,12,124.0
2015年8月1日（土）,札幌,9,12,8,12,ムテキザセカンド,11,91.5
2015年8月1日（土）,札幌,10,1,6,10,ウインフェニックス,1,2.4
2015年8月1日（土）,札幌,10,2,7,11,アルテ,6,10.3
2015年8月1日（土）,札幌,10,3,7,12,ボールドジャパン,12,71.0
2015年8月1日（土）,札幌,10,4,5,7,ビーウィッチド,4,7.6
2015年8月1日（土）,札幌,10,5,4,6,ウォーターラボ,3,6.7
2015年8月1日（土）,札幌,10,6,4,5,アドマイヤゴッド,5,10.3
2015年8月1日（土）,札幌,10,7,1,1,ダイワプロパー,2,5.0
2015年8月1日（土）,札幌,10,8,8,13,ブライトボイス,7,24.1
2015年8月1日（土）,札幌,10,9,6,9,キャンディーハウス,13,121.5
2015年8月1日（土）,札幌,10,10,2,2,マイネルグルマン,8,28.2
2015年8月1日（土）,札幌,10,11,8,14,ビリーヴザワン,9,35.3
2015年8月1日（土）,札幌,10,12,3,4,サビーナクレスタ,10,36.9
2015年8月1日（土）,札幌,10,13,5,8,マナスル,14,375.2
2015年8月1日（土）,札幌,10,14,3,3,ノボリクリーン,11,62.6
2015年8月1日（土）,札幌,11,1,1,1,ケイティープライド,2,4.5
2015年8月1日（土）,札幌,11,2,5,6,ウインマーレライ,3,7.8
2015年8月1日（土）,札幌,11,3,5,5,ダイシンブラック,12,130.5
2015年8月1日（土）,札幌,11,4,4,4,ロードエフォール,6,12.1
2015年8月1日（土）,札幌,11,5,8,12,サクラボールド,10,25.1
2015年8月1日（土）,札幌,11,6,3,3,ケイアイチョウサン,4,7.9
2015年8月1日（土）,札幌,11,7,2,2,ブレークビーツ,8,18.3
2015年8月1日（土）,札幌,11,8,7,9,レッドルーファス,1,2.8
2015年8月1日（土）,札幌,11,9,6,8,サングラス,5,9.9
2015年8月1日（土）,札幌,11,10,7,10,プレミアムタイム,11,49.6
2015年8月1日（土）,札幌,11,11,6,7,ジャーエスペランサ,9,19.4
2015年8月1日（土）,札幌,11,12,8,11,ワードイズボンド,7,14.1
2015年8月1日（土）,札幌,12,1,6,8,ゴッドフロアー,5,9.8
2015年8月1日（土）,札幌,12,2,8,12,ラルプデュエズ,6,11.3
2015年8月1日（土）,札幌,12,3,4,4,メイショウブシン,3,4.9
2015年8月1日（土）,札幌,12,4,6,7,シャンパーニュ,1,3.5
2015年8月1日（土）,札幌,12,5,2,2,ディープストーリー,11,39.8
2015年8月1日（土）,札幌,12,6,5,6,ヤマニンプードレ,10,35.8
2015年8月1日（土）,札幌,12,7,7,9,フォントルロイ,12,42.1
2015年8月1日（土）,札幌,12,8,5,5,ディルガ,4,9.1
2015年8月1日（土）,札幌,12,9,7,10,アドマイヤガスト,2,4.5
2015年8月1日（土）,札幌,12,10,3,3,パッショネイトラン,9,22.9
2015年8月1日（土）,札幌,12,11,1,1,ダンディーズムーン,7,14.0
2015年8月1日（土）,札幌,12,12,8,11,シークレットパス,8,20.6
2015年8月2日（日）,札幌,1,1,2,2,ボーダレス,2,3.0
2015年8月2日（日）,札幌,1,2,7,7,マーチン,6,27.0
2015年8月2日（日）,札幌,1,3,4,4,ホワイトパンドラ,1,2.6
2015年8月2日（日）,札幌,1,4,8,9,アイシーザライト,9,119.2
2015年8月2日（日）,札幌,1,5,3,3,サラマンカ,3,4.4
2015年8月2日（日）,札幌,1,6,7,8,ミシェル,5,14.9
2015年8月2日（日）,札幌,1,7,1,1,スイートマティーニ,7,71.7
2015年8月2日（日）,札幌,1,8,8,10,カタオモイ,10,175.6
2015年8月2日（日）,札幌,1,9,5,5,ビバラビダ,4,8.1
2015年8月2日（日）,札幌,1,10,6,6,ミザントロープ,8,82.0
2015年8月2日（日）,札幌,2,1,1,1,ラッキーダン,1,1.6
2015年8月2日（日）,札幌,2,2,8,9,ディーエスフェイム,7,40.8
2015年8月2日（日）,札幌,2,3,8,8,サンライズシーズン,4,8.1
2015年8月2日（日）,札幌,2,4,4,4,モンサンナシーラ,2,4.0
2015年8月2日（日）,札幌,2,5,7,7,ヴェルトフリーデン,8,43.8
2015年8月2日（日）,札幌,2,6,3,3,サクラデスティーノ,3,7.7
2015年8月2日（日）,札幌,2,7,6,6,カルディア,5,13.6
2015年8月2日（日）,札幌,2,8,5,5,グラナダ,6,37.3
2015年8月2日（日）,札幌,2,9,2,2,テヅクリ,9,127.1
2015年8月2日（日）,札幌,3,1,8,10,カゼノドリーム,7,28.8
2015年8月2日（日）,札幌,3,2,5,5,レイズユアハンズ,4,7.9
2015年8月2日（日）,札幌,3,3,4,4,ヒロノカマオレ,1,2.8
2015年8月2日（日）,札幌,3,4,3,3,キクノステラ,2,3.5
2015年8月2日（日）,札幌,3,5,1,1,ハヤブサゲッツ,3,4.3
2015年8月2日（日）,札幌,3,6,7,7,ネオキセキ,8,30.3
2015年8月2日（日）,札幌,3,7,8,9,ネオアルカディア,9,64.7
2015年8月2日（日）,札幌,3,8,7,8,スズカノーチラス,6,16.1
2015年8月2日（日）,札幌,3,9,2,2,ジェンツィアーナ,5,8.6
2015年8月2日（日）,札幌,3,10,6,6,リキサンレーヴ,10,129.9
2015年8月2日（日）,札幌,4,1,8,13,レオフラッパー,9,26.0
2015年8月2日（日）,札幌,4,2,2,2,メイショウスターク,6,8.6
2015年8月2日（日）,札幌,4,3,8,14,パーフェクトビュー,1,3.2
2015年8月2日（日）,札幌,4,4,6,10,シーオブラブ,7,11.6
2015年8月2日（日）,札幌,4,5,3,3,ギャルソンヌ,10,32.2
2015年8月2日（日）,札幌,4,6,5,7,マイネルプロンプト,2,4.9
2015年8月2日（日）,札幌,4,7,1,1,リアンシチー,5,8.3
2015年8月2日（日）,札幌,4,8,4,6,サリュダムール,12,209.8
2015年8月2日（日）,札幌,4,9,5,8,アグネスイヴァン,11,205.8
2015年8月2日（日）,札幌,4,10,7,12,ウインエスパシオ,4,8.0
2015年8月2日（日）,札幌,4,11,4,5,クリーミーボイス,3,5.8
2015年8月2日（日）,札幌,4,12,6,9,オーバースト,8,24.8
2015年8月2日（日）,札幌,4,13,3,4,クラウンフォルテ,13,256.1
2015年8月2日（日）,札幌,4,14,7,11,マンダリンクイーン,14,371.1
2015年8月2日（日）,札幌,5,1,4,4,プロフェット,1,1.5
2015年8月2日（日）,札幌,5,2,7,7,レインボーライン,2,4.9
2015年8月2日（日）,札幌,5,3,1,1,ベルウッドサコン,3,6.6
2015年8月2日（日）,札幌,5,4,2,2,マコトクラダリング,5,16.5
2015年8月2日（日）,札幌,5,5,6,6,ミラクルユニバンス,4,8.0
2015年8月2日（日）,札幌,5,6,5,5,スリーハーツクライ,7,45.3
2015年8月2日（日）,札幌,5,7,3,3,ホルスナイフ,6,45.1
2015年8月2日（日）,札幌,6,1,2,2,エネスク,6,9.1
2015年8月2日（日）,札幌,6,2,7,8,ドゥラリュール,3,5.9
2015年8月2日（日）,札幌,6,3,1,1,クロスドルージュ,2,4.2
2015年8月2日（日）,札幌,6,4,6,6,グロウインザダーク,5,8.6
2015年8月2日（日）,札幌,6,5,6,7,トゥールエッフェル,1,3.2
2015年8月2日（日）,札幌,6,6,4,4,デフィノワール,11,133.1
2015年8月2日（日）,札幌,6,7,8,10,ヘッドストロング,8,29.5
2015年8月2日（日）,札幌,6,8,5,5,ウインブリング,7,24.9
2015年8月2日（日）,札幌,6,9,7,9,ムービングデイ,4,7.6
2015年8月2日（日）,札幌,6,10,3,3,アルティジャーノ,10,59.7
2015年8月2日（日）,札幌,6,11,8,11,コパノリクエスト,9,38.0
2015年8月2日（日）,札幌,7,1,5,5,ネオリアリズム,2,2.8
2015年8月2日（日）,札幌,7,2,3,3,ヒルノマテーラ,1,2.7
2015年8月2日（日）,札幌,7,3,6,6,ジャストフォーユー,5,13.1
2015年8月2日（日）,札幌,7,4,7,8,ラガーギアチェンジ,7,20.1
2015年8月2日（日）,札幌,7,5,4,4,レジメンタル,3,5.0
2015年8月2日（日）,札幌,7,6,8,10,ヒカルエリントン,6,18.3
2015年8月2日（日）,札幌,7,7,6,7,アドマイヤアロマ,4,9.4
2015年8月2日（日）,札幌,7,8,8,11,テイエムクロタカ,8,48.7
2015年8月2日（日）,札幌,7,9,7,9,ケンブリッジアーサ,11,243.2
2015年8月2日（日）,札幌,7,10,1,1,ライフトップガン,9,70.7
2015年8月2日（日）,札幌,7,11,2,2,ウーマン,10,160.0
2015年8月2日（日）,札幌,8,1,8,12,サージェントバッジ,4,8.0
2015年8月2日（日）,札幌,8,2,7,10,メイショウナガマサ,1,3.5
2015年8月2日（日）,札幌,8,3,5,6,ツクバイーメーカー,9,16.9
2015年8月2日（日）,札幌,8,4,8,13,カレンマタドール,5,10.4
2015年8月2日（日）,札幌,8,5,2,2,エイユービリオネア,2,4.6
2015年8月2日（日）,札幌,8,6,6,9,オアフライダー,7,15.0
2015年8月2日（日）,札幌,8,7,4,4,オンワードハンター,6,14.9
2015年8月2日（日）,札幌,8,8,5,7,トーコーヴィオラ,11,35.6
2015年8月2日（日）,札幌,8,9,1,1,フクノドービル,8,15.3
2015年8月2日（日）,札幌,8,10,4,5,ジュガンティーヤ,3,5.4
2015年8月2日（日）,札幌,8,11,7,11,ロワサーブル,12,92.7
2015年8月2日（日）,札幌,8,12,3,3,ショウナンアイ,10,21.9
2015年8月2日（日）,札幌,8,13,6,8,レオネプチューン,13,114.0
2015年8月2日（日）,札幌,9,1,1,1,クルーガー,1,1.8
2015年8月2日（日）,札幌,9,2,3,3,ローハイド,3,5.4
2015年8月2日（日）,札幌,9,3,2,2,マイネルサージュ,5,16.0
2015年8月2日（日）,札幌,9,4,5,5,ジョーアラタ,2,4.2
2015年8月2日（日）,札幌,9,5,7,7,サンドラバローズ,6,23.4
2015年8月2日（日）,札幌,9,6,8,8,ザトゥルーエアー,4,10.4
2015年8月2日（日）,札幌,9,7,6,6,カウニスクッカ,8,38.1
2015年8月2日（日）,札幌,9,8,4,4,ヴィンセンツイヤー,9,55.6
2015年8月2日（日）,札幌,9,9,8,9,グランスエルテ,7,24.9
2015年8月2日（日）,札幌,10,1,6,9,セウアズール,2,5.4
2015年8月2日（日）,札幌,10,2,7,11,エルゴレア,8,19.3
2015年8月2日（日）,札幌,10,3,5,7,アカネイロ,1,2.6
2015年8月2日（日）,札幌,10,4,5,8,アンレール,4,8.5
2015年8月2日（日）,札幌,10,5,4,6,モズハツコイ,7,18.4
2015年8月2日（日）,札幌,10,6,4,5,ダンツキャンサー,6,11.3
2015年8月2日（日）,札幌,10,7,2,2,ローズマンブリッジ,5,8.7
2015年8月2日（日）,札幌,10,8,6,10,シーギリヤガール,9,37.7
2015年8月2日（日）,札幌,10,9,7,12,フェアラフィネ,10,39.9
2015年8月2日（日）,札幌,10,10,3,4,コートシャルマン,3,5.5
2015年8月2日（日）,札幌,10,11,1,1,ヴァレンティーネ,12,160.4
2015年8月2日（日）,札幌,10,12,8,13,レムミラス,11,77.5
2015年8月2日（日）,札幌,10,13,8,14,ダブルファンタジー,13,179.4
2015年8月2日（日）,札幌,10,14,3,3,カゼノサファイア,14,271.4
2015年8月2日（日）,札幌,11,1,8,10,メイショウスザンナ,7,32.5
2015年8月2日（日）,札幌,11,2,2,2,レッドリヴェール,1,2.0
2015年8月2日（日）,札幌,11,3,6,6,イリュミナンス,4,7.0
2015年8月2日（日）,札幌,11,4,4,4,ノットフォーマル,6,12.0
2015年8月2日（日）,札幌,11,5,5,5,フレイムコード,5,8.4
2015年8月2日（日）,札幌,11,6,7,7,レイヌドネージュ,8,40.7
2015年8月2日（日）,札幌,11,7,3,3,ブランネージュ,3,6.0
2015年8月2日（日）,札幌,11,8,1,1,フーラブライド,2,5.3
2015年8月2日（日）,札幌,11,9,7,8,ショウナンバーキン,9,118.5
2015年8月2日（日）,札幌,11,10,8,9,ソロデビュー,10,204.0
2015年8月2日（日）,札幌,12,1,3,3,マイネルオフィール,1,3.0
2015年8月2日（日）,札幌,12,2,5,6,コパノチャーリー,2,3.5
2015年8月2日（日）,札幌,12,3,4,5,ナンヨーカノン,5,8.8
2015年8月2日（日）,札幌,12,4,7,11,サクラエール,3,4.3
2015年8月2日（日）,札幌,12,5,2,2,アグネスダリム,9,62.5
2015年8月2日（日）,札幌,12,6,7,10,アサケゴマ,8,59.6
2015年8月2日（日）,札幌,12,7,5,7,ビーチブレイブ,7,35.3
2015年8月2日（日）,札幌,12,8,6,8,アルデグロリア,10,83.8
2015年8月2日（日）,札幌,12,9,6,9,サンライズカラー,6,34.2
2015年8月2日（日）,札幌,12,10,8,13,スワンボート,13,274.5
2015年8月2日（日）,札幌,12,11,4,4,スズカアドニス,4,6.0
2015年8月2日（日）,札幌,12,12,8,12,ハヤブサフィーバー,12,124.0
2015年8月2日（日）,札幌,12,13,1,1,ケツァルコアトル,11,97.1
2015年8月8日（土）,札幌,1,1,6,7,ビービーサレンダー,1,3.1
2015年8月8日（土）,札幌,1,2,8,12,スティルプリンス,5,12.2
2015年8月8日（土）,札幌,1,3,1,1,デルマジロキチ,9,24.8
2015年8月8日（土）,札幌,1,4,5,5,ヨシオ,2,4.2
2015年8月8日（土）,札幌,1,5,2,2,ベルゼブブ,6,12.5
2015年8月8日（土）,札幌,1,6,8,11,デフィノワール,8,16.4
2015年8月8日（土）,札幌,1,7,7,10,グリーンバシリスク,3,7.5
2015年8月8日（土）,札幌,1,8,7,9,チェリートレジャー,10,47.7
2015年8月8日（土）,札幌,1,9,5,6,シゲルムロアジ,4,8.1
2015年8月8日（土）,札幌,1,10,4,4,カタオモイ,12,115.2
2015年8月8日（土）,札幌,1,11,3,3,ハナヨリダンゴ,11,51.5
2015年8月8日（土）,札幌,1,12,6,8,コパデグレース,7,14.6
2015年8月8日（土）,札幌,2,1,6,9,ポリアフ,4,6.8
2015年8月8日（土）,札幌,2,2,7,11,パンデイア,1,3.2
2015年8月8日（土）,札幌,2,3,1,1,エヴリホープ,12,70.0
2015年8月8日（土）,札幌,2,4,6,8,エスティルンバ,11,52.2
2015年8月8日（土）,札幌,2,5,8,13,マルトクビクトリー,8,17.9
2015年8月8日（土）,札幌,2,6,5,6,スナークソフィア,13,203.9
2015年8月8日（土）,札幌,2,7,5,7,ラヴィーゲラン,5,10.9
2015年8月8日（土）,札幌,2,8,3,3,アサバスカ,9,18.7
2015年8月8日（土）,札幌,2,9,2,2,マラカイトスター,2,3.8
2015年8月8日（土）,札幌,2,10,4,5,ウイングタイガー,10,43.7
2015年8月8日（土）,札幌,2,11,7,10,グリーンゼファー,3,6.3
2015年8月8日（土）,札幌,2,12,4,4,レオアルテミス,6,16.2
2015年8月8日（土）,札幌,2,0,8,12,ライゼリート,7,17.7
2015年8月8日（土）,札幌,3,1,6,9,ルノンキュール,2,3.5
2015年8月8日（土）,札幌,3,2,5,6,クロイツェル,1,2.3
2015年8月8日（土）,札幌,3,3,1,1,ダイワパフォーム,3,4.9
2015年8月8日（土）,札幌,3,4,4,4,ディーエスレイザー,6,15.8
2015年8月8日（土）,札幌,3,5,8,12,メイショウテンロウ,5,11.8
2015年8月8日（土）,札幌,3,6,7,10,タイセイマリーン,11,85.7
2015年8月8日（土）,札幌,3,7,4,5,ノースフォンテン,9,83.0
2015年8月8日（土）,札幌,3,8,2,2,クラウドサーファー,7,25.4
2015年8月8日（土）,札幌,3,9,3,3,トーセンレイザー,8,59.2
2015年8月8日（土）,札幌,3,10,5,7,コーリンブリリアン,10,85.4
2015年8月8日（土）,札幌,3,11,6,8,ビーラヴド,4,11.2
2015年8月8日（土）,札幌,3,12,8,13,ナイスポジション,12,165.4
2015年8月8日（土）,札幌,3,13,7,11,パープルオンリー,13,281.0
2015年8月8日（土）,札幌,4,1,2,2,ゴールドサーベラス,1,2.9
2015年8月8日（土）,札幌,4,2,3,4,レッドディザーブ,3,5.9
2015年8月8日（土）,札幌,4,3,4,5,エバーハーモニー,2,3.3
2015年8月8日（土）,札幌,4,4,5,7,シンボリシャガール,5,10.5
2015年8月8日（土）,札幌,4,5,3,3,キタノマドンナ,8,21.9
2015年8月8日（土）,札幌,4,6,7,12,ワル,7,20.1
2015年8月8日（土）,札幌,4,7,5,8,マイネルアルマース,10,100.0
2015年8月8日（土）,札幌,4,8,6,9,アキトホウオウ,6,13.1
2015年8月8日（土）,札幌,4,9,7,11,セレーノ,11,194.3
2015年8月8日（土）,札幌,4,10,8,14,ブリヤン,12,209.2
2015年8月8日（土）,札幌,4,11,6,10,タマモホットポット,9,42.7
2015年8月8日（土）,札幌,4,12,4,6,ウォーターマハロ,13,254.6
2015年8月8日（土）,札幌,4,13,8,13,ゴールドコースト,4,7.5
2015年8月8日（土）,札幌,4,0,1,1,アキトビーナス,0,0.0
2015年8月8日（土）,札幌,5,1,4,4,ペイシャオブマーシ,2,6.6
2015年8月8日（土）,札幌,5,2,7,9,キタサンコトブキ,1,2.1
2015年8月8日（土）,札幌,5,3,1,1,メイショウトキン,4,8.0
2015年8月8日（土）,札幌,5,4,6,7,タカイチモン,6,13.9
2015年8月8日（土）,札幌,5,5,8,12,スーパーラビット,8,31.9
2015年8月8日（土）,札幌,5,6,2,2,ミキシングスカイ,9,40.2
2015年8月8日（土）,札幌,5,7,5,5,ホッコースイセイ,5,8.6
2015年8月8日（土）,札幌,5,8,3,3,ダンツビジター,10,46.3
2015年8月8日（土）,札幌,5,9,5,6,ハビトゥス,7,22.6
2015年8月8日（土）,札幌,5,10,8,11,ペイシャスナッチ,11,205.7
2015年8月8日（土）,札幌,5,0,6,8,イチザプラチナ,0,0.0
2015年8月8日（土）,札幌,5,0,7,10,ワールドフォース,3,7.3
2015年8月8日（土）,札幌,6,1,3,5,ラッシュアタック,2,4.3
2015年8月8日（土）,札幌,6,2,7,13,ウインティアラ,5,9.2
2015年8月8日（土）,札幌,6,3,1,2,ピアノコンチェルト,1,3.2
2015年8月8日（土）,札幌,6,4,8,16,メイショウデコイ,12,72.8
2015年8月8日（土）,札幌,6,5,4,7,ビセックスタイル,9,24.0
2015年8月8日（土）,札幌,6,6,3,6,ディープビヨンド,10,51.0
2015年8月8日（土）,札幌,6,7,5,10,ルーチェスプマンテ,13,75.1
2015年8月8日（土）,札幌,6,8,1,1,パルテノン,4,6.7
2015年8月8日（土）,札幌,6,9,2,4,スカイロケット,8,21.2
2015年8月8日（土）,札幌,6,10,8,15,ドリームシューター,15,127.0
2015年8月8日（土）,札幌,6,11,2,3,アマラントカット,14,106.7
2015年8月8日（土）,札幌,6,12,5,9,クリノイーソー,3,5.8
2015年8月8日（土）,札幌,6,13,7,14,ゴーオンハート,16,132.7
2015年8月8日（土）,札幌,6,14,4,8,ラブトゥーマッチ,6,16.6
2015年8月8日（土）,札幌,6,15,6,12,スマートシャイン,11,64.1
2015年8月8日（土）,札幌,6,16,6,11,ワイドグローリー,7,19.6
2015年8月8日（土）,札幌,7,1,7,9,シップウ,4,12.1
2015年8月8日（土）,札幌,7,2,5,6,サトノセレリティ,1,2.4
2015年8月8日（土）,札幌,7,3,8,11,スリーヴェローチェ,9,34.6
2015年8月8日（土）,札幌,7,4,2,2,ドラゴンパイロ,5,14.6
2015年8月8日（土）,札幌,7,5,1,1,ヘルツフロイント,2,2.6
2015年8月8日（土）,札幌,7,6,8,12,インテグラード,7,28.4
2015年8月8日（土）,札幌,7,7,6,8,ステージジャンプ,6,18.2
2015年8月8日（土）,札幌,7,8,7,10,デルマコテツ,3,7.5
2015年8月8日（土）,札幌,7,9,4,4,ケンブリッジアーサ,12,254.5
2015年8月8日（土）,札幌,7,10,6,7,カフジスター,8,29.9
2015年8月8日（土）,札幌,7,11,3,3,アイファーマグオー,10,57.1
2015年8月8日（土）,札幌,7,12,5,5,トーセンラブリー,11,75.9
2015年8月8日（土）,札幌,8,1,8,15,タッチングスピーチ,4,7.7
2015年8月8日（土）,札幌,8,2,7,14,ロッカフラベイビー,3,5.5
2015年8月8日（土）,札幌,8,3,4,7,バンゴール,1,3.9
2015年8月8日（土）,札幌,8,4,7,13,トウシンハンター,13,43.2
2015年8月8日（土）,札幌,8,5,8,16,ウインアキレア,5,9.1
2015年8月8日（土）,札幌,8,6,3,5,コスモチョコレイ,12,38.5
2015年8月8日（土）,札幌,8,7,4,8,ピサノベッテル,11,31.5
2015年8月8日（土）,札幌,8,8,1,1,グランディフローラ,6,16.0
2015年8月8日（土）,札幌,8,9,6,12,エバーキュート,7,17.2
2015年8月8日（土）,札幌,8,10,2,3,サブトゥエンティ,8,18.9
2015年8月8日（土）,札幌,8,11,5,9,ビレッジソング,16,229.2
2015年8月8日（土）,札幌,8,12,1,2,アイスブレイク,14,50.6
2015年8月8日（土）,札幌,8,13,5,10,トーセンナチュラル,2,4.7
2015年8月8日（土）,札幌,8,14,6,11,ファインドヌーヴ,10,25.7
2015年8月8日（土）,札幌,8,15,3,6,エアルシアン,9,21.9
2015年8月8日（土）,札幌,8,16,2,4,マニエーテ,15,150.9
2015年8月8日（土）,札幌,9,1,4,5,メイショウナゴミ,4,9.6
2015年8月8日（土）,札幌,9,2,4,4,モンドアルジェンテ,1,2.2
2015年8月8日（土）,札幌,9,3,8,13,トラストフェアリー,12,94.0
2015年8月8日（土）,札幌,9,4,3,3,バイタルフォルム,6,14.5
2015年8月8日（土）,札幌,9,5,5,6,サクラアンプルール,5,10.6
2015年8月8日（土）,札幌,9,6,2,2,フィールドリアン,7,23.4
2015年8月8日（土）,札幌,9,7,5,7,ショウナンガッチャ,9,41.1
2015年8月8日（土）,札幌,9,8,7,11,グランカマラード,2,4.1
2015年8月8日（土）,札幌,9,9,1,1,タイセイクルーズ,8,27.8
2015年8月8日（土）,札幌,9,10,8,12,マコトグランドゥ,11,80.5
2015年8月8日（土）,札幌,9,11,6,8,マーセブナカヤマ,10,59.5
2015年8月8日（土）,札幌,9,12,6,9,レジェンドパワー,13,118.1
2015年8月8日（土）,札幌,9,13,7,10,ビタミンエース,3,6.4
2015年8月8日（土）,札幌,10,1,2,2,イレプレイスブル,12,81.9
2015年8月8日（土）,札幌,10,2,5,8,アドマイヤライン,6,17.0
2015年8月8日（土）,札幌,10,3,7,11,ツクバアスナロ,5,16.5
2015年8月8日（土）,札幌,10,4,4,6,オールマンリバー,2,5.3
2015年8月8日（土）,札幌,10,5,6,10,ギブアンドテイク,4,10.6
2015年8月8日（土）,札幌,10,6,3,4,モンドシャルナ,3,5.8
2015年8月8日（土）,札幌,10,7,6,9,ブレイヴリー,1,1.9
2015年8月8日（土）,札幌,10,8,8,13,リターンラルク,10,53.5
2015年8月8日（土）,札幌,10,9,1,1,トーカティヴ,7,22.8
2015年8月8日（土）,札幌,10,10,5,7,マイネルランスタン,11,63.1
2015年8月8日（土）,札幌,10,11,4,5,トーセンペンタゴン,13,158.9
2015年8月8日（土）,札幌,10,12,8,14,グレイスフルワード,14,186.9
2015年8月8日（土）,札幌,10,13,7,12,ケイリンボス,8,25.6
2015年8月8日（土）,札幌,10,14,3,3,ノーヒッター,9,47.1
2015年8月8日（土）,札幌,11,1,4,4,ペルーサ,5,8.0
2015年8月8日（土）,札幌,11,2,8,11,タマモベストプレイ,2,3.9
2015年8月8日（土）,札幌,11,3,6,6,ワールドレーヴ,7,16.0
2015年8月8日（土）,札幌,11,4,6,7,バンズーム,3,5.0
2015年8月8日（土）,札幌,11,5,5,5,アドマイヤフライト,1,3.5
2015年8月8日（土）,札幌,11,6,8,10,ヒラボクディープ,4,6.0
2015年8月8日（土）,札幌,11,7,7,9,モビール,6,15.7
2015年8月8日（土）,札幌,11,8,2,2,サイモントルナーレ,11,105.9
2015年8月8日（土）,札幌,11,9,1,1,グランデスバル,8,23.5
2015年8月8日（土）,札幌,11,10,7,8,カンタベリーナイト,10,97.2
2015年8月8日（土）,札幌,11,11,3,3,イントレピッド,9,25.6
2015年8月8日（土）,札幌,12,1,4,7,ヴァイサーリッター,6,10.2
2015年8月8日（土）,札幌,12,2,4,6,メイショウアズミノ,4,6.9
2015年8月8日（土）,札幌,12,3,2,3,ホッコーサラスター,7,11.3
2015年8月8日（土）,札幌,12,4,3,4,ダノンマッキンレー,3,5.1
2015年8月8日（土）,札幌,12,5,6,11,タカラジェニファ,8,19.2
2015年8月8日（土）,札幌,12,6,6,10,ダイヤモンドハイ,2,4.8
2015年8月8日（土）,札幌,12,7,8,15,キタサンラブコール,1,4.4
2015年8月8日（土）,札幌,12,8,1,1,ウイングパラダイス,12,100.8
2015年8月8日（土）,札幌,12,9,5,8,ミラクルフラワー,13,135.9
2015年8月8日（土）,札幌,12,10,5,9,アルマエルナト,5,6.9
2015年8月8日（土）,札幌,12,11,3,5,ビットスターダム,11,66.6
2015年8月8日（土）,札幌,12,12,8,14,カディーシャ,15,163.6
2015年8月8日（土）,札幌,12,13,2,2,ジョージジョージ,14,147.1
2015年8月8日（土）,札幌,12,14,7,13,ディアゴッホ,10,55.7
2015年8月8日（土）,札幌,12,15,7,12,ヤマニンカヴァリエ,9,26.7
2015年8月9日（日）,札幌,1,1,2,2,スターオブペルシャ,1,2.9
2015年8月9日（日）,札幌,1,2,1,1,プレイヤーサムソン,2,3.4
2015年8月9日（日）,札幌,1,3,4,4,ジョルジュサンク,3,3.7
2015年8月9日（日）,札幌,1,4,6,6,フィールドシャルム,4,7.4
2015年8月9日（日）,札幌,1,5,3,3,マイネルゴール,5,14.1
2015年8月9日（日）,札幌,1,6,6,7,ヒットマン,8,83.9
2015年8月9日（日）,札幌,1,7,5,5,サクセスボーイ,10,196.5
2015年8月9日（日）,札幌,1,8,8,10,シゲルムツゴロウ,7,47.9
2015年8月9日（日）,札幌,1,9,8,11,ハンキードーリ,9,104.1
2015年8月9日（日）,札幌,1,10,7,9,トーアディラン,6,29.1
2015年8月9日（日）,札幌,1,11,7,8,ダイメイガール,11,346.3
2015年8月9日（日）,札幌,2,1,4,4,トキワ,4,5.5
2015年8月9日（日）,札幌,2,2,5,5,デピュートアゲン,6,16.7
2015年8月9日（日）,札幌,2,3,1,1,サトノハーデス,5,15.9
2015年8月9日（日）,札幌,2,4,8,12,ヌンチェルラ,1,3.3
2015年8月9日（日）,札幌,2,5,6,7,メイショウアバラガ,3,3.8
2015年8月9日（日）,札幌,2,6,7,9,ヒューガライゼン,9,50.0
2015年8月9日（日）,札幌,2,7,6,8,カムヒア,7,27.7
2015年8月9日（日）,札幌,2,8,8,11,トゥーランドット,8,47.4
2015年8月9日（日）,札幌,2,9,5,6,カルーセルフリック,2,3.5
2015年8月9日（日）,札幌,2,10,2,2,クルムロフ,10,67.3
2015年8月9日（日）,札幌,2,11,7,10,デルマオコマ,11,76.0
2015年8月9日（日）,札幌,2,12,3,3,ワンダーアンダレス,12,202.7
2015年8月9日（日）,札幌,3,1,4,4,メイショウゲントク,2,4.1
2015年8月9日（日）,札幌,3,2,7,10,エクストラペトル,1,2.6
2015年8月9日（日）,札幌,3,3,5,7,ゼトス,7,15.9
2015年8月9日（日）,札幌,3,4,6,9,ウェブスリンガー,6,11.8
2015年8月9日（日）,札幌,3,5,3,3,ライムスカッシュ,5,11.6
2015年8月9日（日）,札幌,3,6,1,1,タマモアタック,3,4.3
2015年8月9日（日）,札幌,3,7,8,13,ヤワタオリオン,12,180.1
2015年8月9日（日）,札幌,3,8,2,2,セイセイセイ,10,107.8
2015年8月9日（日）,札幌,3,9,4,5,ミラクルナイト,9,51.5
2015年8月9日（日）,札幌,3,10,5,6,マンテンドリーム,8,26.2
2015年8月9日（日）,札幌,3,11,6,8,ディープブルー,4,11.1
2015年8月9日（日）,札幌,3,12,7,11,アルファマリニン,13,297.4
2015年8月9日（日）,札幌,3,13,8,12,スリーロード,11,133.9
2015年8月9日（日）,札幌,4,1,2,3,ビバリーヒルズ,1,4.0
2015年8月9日（日）,札幌,4,2,1,2,マーシフルハート,4,7.3
2015年8月9日（日）,札幌,4,3,3,6,スーパープリンセス,3,6.0
2015年8月9日（日）,札幌,4,4,6,12,グレイスフルアート,6,10.2
2015年8月9日（日）,札幌,4,5,8,16,ハクサンワールド,14,109.0
2015年8月9日（日）,札幌,4,6,6,11,ミュゼフローレンス,11,53.0
2015年8月9日（日）,札幌,4,7,4,8,ダンヴィル,7,10.8
2015年8月9日（日）,札幌,4,8,5,10,バニラマカロン,5,9.8
2015年8月9日（日）,札幌,4,9,4,7,ローブディアンジェ,8,16.2
2015年8月9日（日）,札幌,4,10,7,14,ドリームポリーニ,9,23.7
2015年8月9日（日）,札幌,4,11,1,1,ヤマノリリコイ,2,4.9
2015年8月9日（日）,札幌,4,12,7,13,サウンドバゴダンス,12,58.2
2015年8月9日（日）,札幌,4,13,2,4,エターナルカラー,13,81.1
2015年8月9日（日）,札幌,4,14,8,15,クロンヌドスリジェ,16,302.8
2015年8月9日（日）,札幌,4,15,3,5,ハイピュアリティ,15,219.5
2015年8月9日（日）,札幌,4,16,5,9,アップセッター,10,24.7
2015年8月9日（日）,札幌,5,1,5,5,スパーキングジョイ,6,14.9
2015年8月9日（日）,札幌,5,2,4,4,ザスターイズミー,11,100.5
2015年8月9日（日）,札幌,5,3,6,7,セカンドエフォート,4,10.0
2015年8月9日（日）,札幌,5,4,8,10,ティルヴィング,1,2.5
2015年8月9日（日）,札幌,5,5,7,9,モンサンアルナイル,5,12.2
2015年8月9日（日）,札幌,5,6,8,11,レッドボルテクス,2,3.1
2015年8月9日（日）,札幌,5,7,7,8,シャルメーヌ,3,7.2
2015年8月9日（日）,札幌,5,8,3,3,ヴィガーエッジ,8,33.2
2015年8月9日（日）,札幌,5,9,6,6,オズマ,9,68.9
2015年8月9日（日）,札幌,5,10,2,2,オリエンタルイギー,10,84.7
2015年8月9日（日）,札幌,5,11,1,1,ラブロイ,7,27.4
2015年8月9日（日）,札幌,6,1,7,9,クリノリーソクツモ,2,4.7
2015年8月9日（日）,札幌,6,2,7,10,サンレイクウッド,5,8.3
2015年8月9日（日）,札幌,6,3,8,12,コスモキーマン,9,31.9
2015年8月9日（日）,札幌,6,4,8,11,ツーエムマイスター,4,6.5
2015年8月9日（日）,札幌,6,5,5,6,ハクサンフレンチ,7,13.5
2015年8月9日（日）,札幌,6,6,3,3,ボストンビリーヴ,10,32.0
2015年8月9日（日）,札幌,6,7,5,5,コパノチャールズ,6,10.3
2015年8月9日（日）,札幌,6,8,2,2,ビバワールド,8,20.2
2015年8月9日（日）,札幌,6,9,4,4,ウエスタンラムール,3,4.8
2015年8月9日（日）,札幌,6,10,1,1,ストームジャガー,1,4.2
2015年8月9日（日）,札幌,6,11,6,8,ユキノマルガリータ,11,36.7
2015年8月9日（日）,札幌,6,12,6,7,プレシャスベガ,12,70.3
2015年8月9日（日）,札幌,7,1,1,2,サザンライツ,3,6.7
2015年8月9日（日）,札幌,7,2,8,15,アルティマブラッド,4,7.6
2015年8月9日（日）,札幌,7,3,2,4,エクシードリミッツ,2,6.0
2015年8月9日（日）,札幌,7,4,6,11,カレンステイシー,1,3.2
2015年8月9日（日）,札幌,7,5,1,1,ウエスタンユーノー,6,9.5
2015年8月9日（日）,札幌,7,6,7,13,サクラヴィオーラ,11,58.0
2015年8月9日（日）,札幌,7,7,5,10,ハッシュ,5,8.9
2015年8月9日（日）,札幌,7,8,3,5,アルトゥーナ,14,85.1
2015年8月9日（日）,札幌,7,9,7,14,コスモドーム,7,10.8
2015年8月9日（日）,札幌,7,10,2,3,ツクバインパクト,9,23.5
2015年8月9日（日）,札幌,7,11,4,7,カイマノア,8,19.6
2015年8月9日（日）,札幌,7,12,4,8,ステイブレイズ,13,71.2
2015年8月9日（日）,札幌,7,13,8,16,ビービーブレイン,15,106.8
2015年8月9日（日）,札幌,7,14,3,6,サウンドマンデュロ,16,108.4
2015年8月9日（日）,札幌,7,15,5,9,アルマクレヨン,10,45.3
2015年8月9日（日）,札幌,7,16,6,12,メイショウアサツユ,12,61.3
2015年8月9日（日）,札幌,8,1,5,7,ファイトユアソング,2,4.0
2015年8月9日（日）,札幌,8,2,4,5,コウセイマユヒメ,12,77.6
2015年8月9日（日）,札幌,8,3,7,10,クイーンズターフ,1,2.0
2015年8月9日（日）,札幌,8,4,4,4,ショウナンカサロ,7,35.5
2015年8月9日（日）,札幌,8,5,3,3,エドノプリンセス,6,26.2
2015年8月9日（日）,札幌,8,6,6,9,ゴールドグローリー,5,11.0
2015年8月9日（日）,札幌,8,7,5,6,ベストセラーアスク,10,70.6
2015年8月9日（日）,札幌,8,8,8,12,オールオブユー,4,10.5
2015年8月9日（日）,札幌,8,9,8,13,タマノベレッツァ,3,6.3
2015年8月9日（日）,札幌,8,10,6,8,メテオレイン,13,153.5
2015年8月9日（日）,札幌,8,11,1,1,テラノココロ,9,39.2
2015年8月9日（日）,札幌,8,12,7,11,クロカミノオトメ,8,37.8
2015年8月9日（日）,札幌,8,13,2,2,スパイスシャワー,11,75.4
2015年8月9日（日）,札幌,9,1,7,12,プレイヤーハウス,8,17.6
2015年8月9日（日）,札幌,9,2,6,9,バスティード,6,14.3
2015年8月9日（日）,札幌,9,3,5,7,ゼットスマイル,11,35.9
2015年8月9日（日）,札幌,9,4,3,3,サブライムカイザー,2,3.6
2015年8月9日（日）,札幌,9,5,3,4,ジューヴルエール,4,8.7
2015年8月9日（日）,札幌,9,6,4,6,ボルドネス,1,2.9
2015年8月9日（日）,札幌,9,7,7,11,ミッキーポーチ,3,6.8
2015年8月9日（日）,札幌,9,8,8,14,シグナルアロー,13,98.8
2015年8月9日（日）,札幌,9,9,2,2,スズカステイボーイ,7,17.3
2015年8月9日（日）,札幌,9,10,1,1,デンコウセキトバ,5,12.6
2015年8月9日（日）,札幌,9,11,8,13,ニシノカブケ,12,74.0
2015年8月9日（日）,札幌,9,12,6,10,ミッキーボクサー,14,134.4
2015年8月9日（日）,札幌,9,13,4,5,マイネルアクロス,10,35.1
2015年8月9日（日）,札幌,9,14,5,8,スマッシュスマイル,9,33.5
2015年8月9日（日）,札幌,10,1,8,12,ダテノハクトラ,3,5.5
2015年8月9日（日）,札幌,10,2,3,3,セトノプロミス,5,8.4
2015年8月9日（日）,札幌,10,3,4,5,ハナズリベンジ,1,2.9
2015年8月9日（日）,札幌,10,4,5,6,リバーソウル,4,7.5
2015年8月9日（日）,札幌,10,5,6,9,コクリュウノマイ,6,13.6
2015年8月9日（日）,札幌,10,6,4,4,ライオンズバイツ,8,24.1
2015年8月9日（日）,札幌,10,7,1,1,メイショウホウトウ,9,24.1
2015年8月9日（日）,札幌,10,8,2,2,トゥルッリ,2,4.3
2015年8月9日（日）,札幌,10,9,6,8,ヴァリアシオン,10,33.2
2015年8月9日（日）,札幌,10,10,7,10,タプローム,11,136.4
2015年8月9日（日）,札幌,10,11,8,13,シュガーヒル,7,22.0
2015年8月9日（日）,札幌,10,12,5,7,キクタロウ,13,157.0
2015年8月9日（日）,札幌,10,13,7,11,ヒカルソラフネ,12,153.9
2015年8月9日（日）,札幌,11,1,8,12,エポワス,3,6.1
2015年8月9日（日）,札幌,11,2,8,11,ルチャドルアスール,5,8.6
2015年8月9日（日）,札幌,11,3,6,7,レッドオーヴァル,1,3.9
2015年8月9日（日）,札幌,11,4,6,8,ブランダムール,8,16.1
2015年8月9日（日）,札幌,11,5,3,3,ペイシャオブロー,11,70.3
2015年8月9日（日）,札幌,11,6,5,6,スギノエンデバー,4,7.6
2015年8月9日（日）,札幌,11,7,4,4,クリノハッチャン,12,151.3
2015年8月9日（日）,札幌,11,8,5,5,ホウライアキコ,2,4.6
2015年8月9日（日）,札幌,11,9,1,1,ネオウィズダム,6,9.7
2015年8月9日（日）,札幌,11,10,2,2,アブマーシュ,9,16.2
2015年8月9日（日）,札幌,11,11,7,10,クールホタルビ,10,22.7
2015年8月9日（日）,札幌,11,12,7,9,ファントムロード,7,12.4
2015年8月9日（日）,札幌,12,1,7,9,ホワイトエレガンス,3,5.5
2015年8月9日（日）,札幌,12,2,4,4,タガノエンブレム,2,5.5
2015年8月9日（日）,札幌,12,3,1,1,サトノフェラーリ,1,2.8
2015年8月9日（日）,札幌,12,4,8,11,サムソンズシエル,4,8.4
2015年8月9日（日）,札幌,12,5,6,7,メイショウテッサイ,6,10.4
2015年8月9日（日）,札幌,12,6,2,2,アーマークラッド,9,25.2
2015年8月9日（日）,札幌,12,7,7,10,シベリアンタイガー,8,14.3
2015年8月9日（日）,札幌,12,8,3,3,エイシンノーティス,5,8.4
2015年8月9日（日）,札幌,12,9,8,12,ナインテイルズ,7,12.5
2015年8月9日（日）,札幌,12,10,6,8,スワンボート,11,176.6
2015年8月9日（日）,札幌,12,11,5,5,ケツァルコアトル,10,107.6
2015年8月9日（日）,札幌,12,12,5,6,アルティスト,12,192.5
2015年8月15日（土）,札幌,1,1,4,5,ドゥラリュール,1,2.1
2015年8月15日（土）,札幌,1,2,3,3,ベルゼブブ,8,26.0
2015年8月15日（土）,札幌,1,3,6,8,ジュアンマリエ,2,6.2
2015年8月15日（土）,札幌,1,4,6,9,ミッテルレギ,12,118.7
2015年8月15日（土）,札幌,1,5,1,1,キタノイチジョー,6,16.4
2015年8月15日（土）,札幌,1,6,4,4,トゥールエッフェル,3,6.6
2015年8月15日（土）,札幌,1,7,8,12,ボーディングパス,7,25.2
2015年8月15日（土）,札幌,1,8,5,7,ウインプリマ,11,88.1
2015年8月15日（土）,札幌,1,9,7,11,ミラクルユニバンス,9,34.5
2015年8月15日（土）,札幌,1,10,8,13,タガノカイリ,10,63.9
2015年8月15日（土）,札幌,1,11,5,6,メイショウコボウシ,5,10.0
2015年8月15日（土）,札幌,1,12,7,10,ウインミリアルド,13,152.8
2015年8月15日（土）,札幌,1,13,2,2,グロウインザダーク,4,9.0
2015年8月15日（土）,札幌,2,1,4,5,ラブレオ,1,3.0
2015年8月15日（土）,札幌,2,2,7,11,レインボーライン,2,3.6
2015年8月15日（土）,札幌,2,3,4,6,ガンコ,5,8.8
2015年8月15日（土）,札幌,2,4,3,3,カラクプア,7,20.7
2015年8月15日（土）,札幌,2,5,8,13,ゴールドラッシュ,6,18.0
2015年8月15日（土）,札幌,2,6,1,1,ベルウッドサコン,4,7.4
2015年8月15日（土）,札幌,2,7,7,12,リキッドブルー,11,131.3
2015年8月15日（土）,札幌,2,8,5,7,メイクサムノイズ,9,35.5
2015年8月15日（土）,札幌,2,9,3,4,サトノアルカディア,8,35.0
2015年8月15日（土）,札幌,2,10,5,8,キタノカミカゼ,12,151.6
2015年8月15日（土）,札幌,2,11,6,10,カマラードミノル,13,159.3
2015年8月15日（土）,札幌,2,12,6,9,スズカボルト,3,7.2
2015年8月15日（土）,札幌,2,13,2,2,ブボナ,10,70.4
2015年8月15日（土）,札幌,2,14,8,14,ホシノパレード,14,752.6
2015年8月15日（土）,札幌,3,1,8,11,ディーエスフェイム,1,3.4
2015年8月15日（土）,札幌,3,2,5,6,カワキタキャッスル,5,8.3
2015年8月15日（土）,札幌,3,3,4,4,ポッドフィズ,3,5.9
2015年8月15日（土）,札幌,3,4,6,7,トミケンアユート,8,34.1
2015年8月15日（土）,札幌,3,5,7,10,サイレンスラヴ,9,47.8
2015年8月15日（土）,札幌,3,6,7,9,マーククロップ,4,6.0
2015年8月15日（土）,札幌,3,7,1,1,トリアンドルス,7,19.2
2015年8月15日（土）,札幌,3,8,3,3,ビップヘラクレス,6,10.2
2015年8月15日（土）,札幌,3,9,5,5,キャロライン,2,3.5
2015年8月15日（土）,札幌,3,10,6,8,トーセンプリズム,10,68.1
2015年8月15日（土）,札幌,3,11,2,2,ヴェルトフリーデン,11,99.3
2015年8月15日（土）,札幌,3,12,8,12,サクラアベニール,12,167.2
2015年8月15日（土）,札幌,4,1,6,8,モンドクラフト,2,4.0
2015年8月15日（土）,札幌,4,2,7,10,オフビートジャズ,4,6.0
2015年8月15日（土）,札幌,4,3,8,13,キクノステラ,1,3.7
2015年8月15日（土）,札幌,4,4,5,7,ヒロノドラム,6,9.1
2015年8月15日（土）,札幌,4,5,4,5,ハッピーパウダー,7,18.3
2015年8月15日（土）,札幌,4,6,5,6,ヒロノカマオレ,3,5.4
2015年8月15日（土）,札幌,4,7,4,4,アスターレジェンド,12,117.9
2015年8月15日（土）,札幌,4,8,1,1,ヴェルデプラート,11,115.3
2015年8月15日（土）,札幌,4,9,8,12,ヒットザフロアー,5,7.8
2015年8月15日（土）,札幌,4,10,2,2,メイショウブユウ,10,63.3
2015年8月15日（土）,札幌,4,11,3,3,エフティロビン,8,27.1
2015年8月15日（土）,札幌,4,12,7,11,ソラノカナタ,9,44.7
2015年8月15日（土）,札幌,4,13,6,9,ライトトップワン,13,233.9
2015年8月15日（土）,札幌,5,1,2,2,アラモアナワヒネ,6,11.0
2015年8月15日（土）,札幌,5,2,1,1,サトノサンシャイン,1,2.6
2015年8月15日（土）,札幌,5,3,6,7,スミレ,2,4.8
2015年8月15日（土）,札幌,5,4,8,11,サウンドダンサー,3,6.1
2015年8月15日（土）,札幌,5,5,7,10,レーヌドコロール,4,8.0
2015年8月15日（土）,札幌,5,6,8,12,ポッドガゼール,7,14.9
2015年8月15日（土）,札幌,5,7,5,6,ルーレットクイーン,9,88.4
2015年8月15日（土）,札幌,5,8,7,9,メイショウボーテ,5,8.6
2015年8月15日（土）,札幌,5,9,3,3,エクラパール,8,46.2
2015年8月15日（土）,札幌,5,10,5,5,ヤマノスプリンター,11,143.6
2015年8月15日（土）,札幌,5,11,6,8,コンサバ,10,93.2
2015年8月15日（土）,札幌,5,0,4,4,グラスアンジェラ,12,283.6
2015年8月15日（土）,札幌,6,1,1,1,ララエクラテール,1,3.6
2015年8月15日（土）,札幌,6,2,3,3,ウィスパーノット,8,18.3
2015年8月15日（土）,札幌,6,3,3,4,ハギノパトリオット,5,9.3
2015年8月15日（土）,札幌,6,4,2,2,ガニメード,10,29.9
2015年8月15日（土）,札幌,6,5,8,13,マイネルフレッチャ,4,8.6
2015年8月15日（土）,札幌,6,6,7,11,ウインアーマー,2,4.4
2015年8月15日（土）,札幌,6,7,4,5,ニシノインシュアラ,7,14.3
2015年8月15日（土）,札幌,6,8,5,8,ハッスルカフェ,11,49.1
2015年8月15日（土）,札幌,6,9,5,7,ナンヨーピューピル,9,21.2
2015年8月15日（土）,札幌,6,10,8,14,レディルー,6,10.5
2015年8月15日（土）,札幌,6,11,6,9,ライブリファースト,13,113.7
2015年8月15日（土）,札幌,6,12,7,12,ダノンウルフ,3,5.5
2015年8月15日（土）,札幌,6,13,6,10,ニホンピロピース,14,186.6
2015年8月15日（土）,札幌,6,14,4,6,インテグラル,12,78.4
2015年8月15日（土）,札幌,7,1,4,5,オーシャンブルグ,4,6.8
2015年8月15日（土）,札幌,7,2,8,12,ココ,1,2.5
2015年8月15日（土）,札幌,7,3,7,11,ビスカリア,12,42.1
2015年8月15日（土）,札幌,7,4,2,2,ガロファノ,3,5.6
2015年8月15日（土）,札幌,7,5,8,13,マダムウルル,11,40.7
2015年8月15日（土）,札幌,7,6,7,10,オールオブナイト,5,14.0
2015年8月15日（土）,札幌,7,7,6,9,ガラドリエル,8,30.6
2015年8月15日（土）,札幌,7,8,1,1,バイレ,7,27.5
2015年8月15日（土）,札幌,7,9,6,8,レディゴーラウンド,10,34.2
2015年8月15日（土）,札幌,7,10,4,4,マハロマナ,2,4.2
2015年8月15日（土）,札幌,7,11,5,7,エクレール,6,19.4
2015年8月15日（土）,札幌,7,12,3,3,トーセンシルエット,9,33.7
2015年8月15日（土）,札幌,7,13,5,6,クィーンオブシバ,13,233.6
2015年8月15日（土）,札幌,8,1,5,10,サンシカゴ,3,4.2
2015年8月15日（土）,札幌,8,2,4,7,ハギノナトゥーラ,5,11.5
2015年8月15日（土）,札幌,8,3,7,13,ハプスブルク,9,23.3
2015年8月15日（土）,札幌,8,4,3,5,マイネシーア,1,3.4
2015年8月15日（土）,札幌,8,5,1,2,イキオイ,4,10.5
2015年8月15日（土）,札幌,8,6,3,6,マカゼコイカゼ,8,23.2
2015年8月15日（土）,札幌,8,7,8,16,ウォーターラボ,2,3.8
2015年8月15日（土）,札幌,8,8,2,3,フィボナッチ,11,45.0
2015年8月15日（土）,札幌,8,9,4,8,プリズム,7,22.2
2015年8月15日（土）,札幌,8,10,8,15,エムオーマジック,16,326.6
2015年8月15日（土）,札幌,8,11,6,12,ユアメモリー,13,107.8
2015年8月15日（土）,札幌,8,12,7,14,クラウンノキミ,6,16.0
2015年8月15日（土）,札幌,8,13,5,9,クラウンテイラー,12,101.1
2015年8月15日（土）,札幌,8,14,2,4,ブリッツカイザー,14,124.2
2015年8月15日（土）,札幌,8,15,6,11,デンコウウノ,10,28.1
2015年8月15日（土）,札幌,8,16,1,1,ホレミンサイヤ,15,170.2
2015年8月15日（土）,札幌,9,1,4,5,モンドクラッセ,1,1.7
2015年8月15日（土）,札幌,9,2,8,13,タマモネイヴィー,3,6.4
2015年8月15日（土）,札幌,9,3,6,8,シーリーヴェール,2,3.5
2015年8月15日（土）,札幌,9,4,6,9,ピアシングステア,6,31.5
2015年8月15日（土）,札幌,9,5,2,2,パッシングブリーズ,4,14.9
2015年8月15日（土）,札幌,9,6,1,1,コスモラヴモア,8,35.5
2015年8月15日（土）,札幌,9,7,7,11,ナスノアオバ,7,33.4
2015年8月15日（土）,札幌,9,8,5,6,オンワードハンター,5,30.9
2015年8月15日（土）,札幌,9,9,4,4,アイリッシュハープ,10,108.0
2015年8月15日（土）,札幌,9,10,8,12,コンプリートゲーム,11,165.2
2015年8月15日（土）,札幌,9,11,7,10,サフランスター,12,217.7
2015年8月15日（土）,札幌,9,12,5,7,マイフリヴァ,9,36.8
2015年8月15日（土）,札幌,9,13,3,3,デルマジャイアン,13,290.2
2015年8月15日（土）,札幌,10,1,5,7,ラヴアンドポップ,7,15.8
2015年8月15日（土）,札幌,10,2,5,6,マイネルサグラ,2,5.3
2015年8月15日（土）,札幌,10,3,6,8,シャクンタラー,1,2.5
2015年8月15日（土）,札幌,10,4,3,3,クロコスミア,3,7.0
2015年8月15日（土）,札幌,10,5,6,9,グローリーミスト,5,9.8
2015年8月15日（土）,札幌,10,6,2,2,ネコダンサー,4,7.7
2015年8月15日（土）,札幌,10,7,8,12,ゲッカコウ,8,24.2
2015年8月15日（土）,札幌,10,8,7,11,ミトノグラス,10,103.2
2015年8月15日（土）,札幌,10,9,4,5,トッケンドーナ,13,183.3
2015年8月15日（土）,札幌,10,10,4,4,コパノディール,11,108.8
2015年8月15日（土）,札幌,10,11,1,1,ラプレシオーサ,6,11.9
2015年8月15日（土）,札幌,10,12,7,10,タービランス,9,81.3
2015年8月15日（土）,札幌,10,13,8,13,ロンリーウーマン,12,145.8
2015年8月15日（土）,札幌,11,1,2,2,ダンツキャンサー,3,5.6
2015年8月15日（土）,札幌,11,2,4,5,アドマイヤサブリナ,10,30.9
2015年8月15日（土）,札幌,11,3,3,4,イッテツ,4,8.9
2015年8月15日（土）,札幌,11,4,6,9,ミッキーユニバース,1,2.8
2015年8月15日（土）,札幌,11,5,5,8,マイネルアウラート,6,11.1
2015年8月15日（土）,札幌,11,6,7,12,アドマイヤビジン,9,28.6
2015年8月15日（土）,札幌,11,7,4,6,エデンロック,2,4.7
2015年8月15日（土）,札幌,11,8,1,1,ダンツミュータント,5,10.3
2015年8月15日（土）,札幌,11,9,7,11,アルトゥーナ,11,76.7
2015年8月15日（土）,札幌,11,10,3,3,ピッツネイル,14,264.8
2015年8月15日（土）,札幌,11,11,6,10,バンザイ,8,22.4
2015年8月15日（土）,札幌,11,12,5,7,ジェットコルサ,7,13.2
2015年8月15日（土）,札幌,11,13,8,14,アサケゴマ,12,147.3
2015年8月15日（土）,札幌,11,14,8,13,ヴァレンティーネ,13,231.2
2015年8月15日（土）,札幌,12,1,6,9,カウニスクッカ,8,36.5
2015年8月15日（土）,札幌,12,2,1,1,サンライズジャパン,2,3.4
2015年8月15日（土）,札幌,12,3,4,5,ストリートオベロン,3,4.7
2015年8月15日（土）,札幌,12,4,5,6,ローハイド,1,2.5
2015年8月15日（土）,札幌,12,5,5,7,スペランツァデーア,4,13.9
2015年8月15日（土）,札幌,12,6,7,10,ドリームチェイサー,5,14.2
2015年8月15日（土）,札幌,12,7,2,2,ベルウッドケルン,13,193.4
2015年8月15日（土）,札幌,12,8,3,3,ステイブレイズ,10,62.4
2015年8月15日（土）,札幌,12,9,7,11,ジェイケイネオ,7,19.4
2015年8月15日（土）,札幌,12,10,8,12,マンディスキュア,12,69.9
2015年8月15日（土）,札幌,12,11,6,8,ヴィンセンツイヤー,11,67.0
2015年8月15日（土）,札幌,12,12,8,13,ウイングジャパン,9,42.4
2015年8月15日（土）,札幌,12,13,4,4,ローレルトルネード,6,15.2
